Method,Job,AnalyzeLaunchVariance,EvaluateOverhead,MaxAbsoluteError,MaxRelativeError,MinInvokeCount,MinIterationTime,OutlierMode,Affinity,EnvironmentVariables,Jit,LargeAddressAware,Platform,PowerPlanMode,Runtime,AllowVeryLargeObjects,Concurrent,CpuGroups,Force,HeapAffinitizeMask,HeapCount,NoAffinitize,RetainVm,Server,Arguments,BuildConfiguration,Clock,EngineFactory,NuGetReferences,Toolchain,IsMutator,InvocationCount,IterationCount,IterationTime,LaunchCount,MaxIterationCount,MaxWarmupIterationCount,MemoryRandomization,MinIterationCount,MinWarmupIterationCount,RunStrategy,UnrollFactor,WarmupCount,DataSize,Mean,Error,StdDev,Gen0,Allocated
'MemoryStream (baseline)',ShortRun,False,Default,Default,Default,Default,Default,Default,1111111111111111111111,Empty,RyuJit,Default,X64,8c5e7fda-e8bf-4a96-9a85-a6e23a8c635c,.NET 9.0,False,True,False,True,Default,Default,False,False,False,Default,Default,Default,Default,Default,Default,Default,Default,3,Default,1,Default,Default,Default,Default,Default,Default,16,3,64,11.687 ns,23.731 ns,1.3008 ns,0.0051,64 B
'Direct:Stream (ROM<byte>)',ShortRun,False,Default,Default,Default,Default,Default,Default,1111111111111111111111,Empty,RyuJit,Default,X64,8c5e7fda-e8bf-4a96-9a85-a6e23a8c635c,.NET 9.0,False,True,False,True,Default,Default,False,False,False,Default,Default,Default,Default,Default,Default,Default,Default,3,Default,1,Default,Default,Default,Default,Default,Default,16,3,64,11.943 ns,12.006 ns,0.6581 ns,0.0051,64 B
'Derived:MemoryStream (ROM<byte>)',ShortRun,False,Default,Default,Default,Default,Default,Default,1111111111111111111111,Empty,RyuJit,Default,X64,8c5e7fda-e8bf-4a96-9a85-a6e23a8c635c,.NET 9.0,False,True,False,True,Default,Default,False,False,False,Default,Default,Default,Default,Default,Default,Default,Default,3,Default,1,Default,Default,Default,Default,Default,Default,16,3,64,13.890 ns,10.287 ns,0.5638 ns,0.0083,104 B
'MemoryStream ReadSpan',ShortRun,False,Default,Default,Default,Default,Default,Default,1111111111111111111111,Empty,RyuJit,Default,X64,8c5e7fda-e8bf-4a96-9a85-a6e23a8c635c,.NET 9.0,False,True,False,True,Default,Default,False,False,False,Default,Default,Default,Default,Default,Default,Default,Default,3,Default,1,Default,Default,Default,Default,Default,Default,16,3,64,8.770 ns,8.187 ns,0.4487 ns,0.0051,64 B
'Direct:Stream ReadSpan',ShortRun,False,Default,Default,Default,Default,Default,Default,1111111111111111111111,Empty,RyuJit,Default,X64,8c5e7fda-e8bf-4a96-9a85-a6e23a8c635c,.NET 9.0,False,True,False,True,Default,Default,False,False,False,Default,Default,Default,Default,Default,Default,Default,Default,3,Default,1,Default,Default,Default,Default,Default,Default,16,3,64,12.068 ns,31.560 ns,1.7299 ns,0.0051,64 B
'Derived:MemoryStream ReadSpan',ShortRun,False,Default,Default,Default,Default,Default,Default,1111111111111111111111,Empty,RyuJit,Default,X64,8c5e7fda-e8bf-4a96-9a85-a6e23a8c635c,.NET 9.0,False,True,False,True,Default,Default,False,False,False,Default,Default,Default,Default,Default,Default,Default,Default,3,Default,1,Default,Default,Default,Default,Default,Default,16,3,64,13.708 ns,12.752 ns,0.6990 ns,0.0083,104 B
'MemoryStream (baseline)',ShortRun,False,Default,Default,Default,Default,Default,Default,1111111111111111111111,Empty,RyuJit,Default,X64,8c5e7fda-e8bf-4a96-9a85-a6e23a8c635c,.NET 9.0,False,True,False,True,Default,Default,False,False,False,Default,Default,Default,Default,Default,Default,Default,Default,3,Default,1,Default,Default,Default,Default,Default,Default,16,3,1024,21.395 ns,33.672 ns,1.8457 ns,0.0051,64 B
'Direct:Stream (ROM<byte>)',ShortRun,False,Default,Default,Default,Default,Default,Default,1111111111111111111111,Empty,RyuJit,Default,X64,8c5e7fda-e8bf-4a96-9a85-a6e23a8c635c,.NET 9.0,False,True,False,True,Default,Default,False,False,False,Default,Default,Default,Default,Default,Default,Default,Default,3,Default,1,Default,Default,Default,Default,Default,Default,16,3,1024,17.976 ns,4.831 ns,0.2648 ns,0.0051,64 B
'Derived:MemoryStream (ROM<byte>)',ShortRun,False,Default,Default,Default,Default,Default,Default,1111111111111111111111,Empty,RyuJit,Default,X64,8c5e7fda-e8bf-4a96-9a85-a6e23a8c635c,.NET 9.0,False,True,False,True,Default,Default,False,False,False,Default,Default,Default,Default,Default,Default,Default,Default,3,Default,1,Default,Default,Default,Default,Default,Default,16,3,1024,22.472 ns,6.517 ns,0.3572 ns,0.0083,104 B
'MemoryStream ReadSpan',ShortRun,False,Default,Default,Default,Default,Default,Default,1111111111111111111111,Empty,RyuJit,Default,X64,8c5e7fda-e8bf-4a96-9a85-a6e23a8c635c,.NET 9.0,False,True,False,True,Default,Default,False,False,False,Default,Default,Default,Default,Default,Default,Default,Default,3,Default,1,Default,Default,Default,Default,Default,Default,16,3,1024,16.372 ns,3.452 ns,0.1892 ns,0.0051,64 B
'Direct:Stream ReadSpan',ShortRun,False,Default,Default,Default,Default,Default,Default,1111111111111111111111,Empty,RyuJit,Default,X64,8c5e7fda-e8bf-4a96-9a85-a6e23a8c635c,.NET 9.0,False,True,False,True,Default,Default,False,False,False,Default,Default,Default,Default,Default,Default,Default,Default,3,Default,1,Default,Default,Default,Default,Default,Default,16,3,1024,18.550 ns,11.544 ns,0.6328 ns,0.0051,64 B
'Derived:MemoryStream ReadSpan',ShortRun,False,Default,Default,Default,Default,Default,Default,1111111111111111111111,Empty,RyuJit,Default,X64,8c5e7fda-e8bf-4a96-9a85-a6e23a8c635c,.NET 9.0,False,True,False,True,Default,Default,False,False,False,Default,Default,Default,Default,Default,Default,Default,Default,3,Default,1,Default,Default,Default,Default,Default,Default,16,3,1024,23.162 ns,7.469 ns,0.4094 ns,0.0083,104 B
'MemoryStream (baseline)',ShortRun,False,Default,Default,Default,Default,Default,Default,1111111111111111111111,Empty,RyuJit,Default,X64,8c5e7fda-e8bf-4a96-9a85-a6e23a8c635c,.NET 9.0,False,True,False,True,Default,Default,False,False,False,Default,Default,Default,Default,Default,Default,Default,Default,3,Default,1,Default,Default,Default,Default,Default,Default,16,3,65536,"1,207.125 ns",166.004 ns,9.0992 ns,0.0038,64 B
'Direct:Stream (ROM<byte>)',ShortRun,False,Default,Default,Default,Default,Default,Default,1111111111111111111111,Empty,RyuJit,Default,X64,8c5e7fda-e8bf-4a96-9a85-a6e23a8c635c,.NET 9.0,False,True,False,True,Default,Default,False,False,False,Default,Default,Default,Default,Default,Default,Default,Default,3,Default,1,Default,Default,Default,Default,Default,Default,16,3,65536,"1,233.177 ns",783.275 ns,42.9339 ns,0.0038,64 B
'Derived:MemoryStream (ROM<byte>)',ShortRun,False,Default,Default,Default,Default,Default,Default,1111111111111111111111,Empty,RyuJit,Default,X64,8c5e7fda-e8bf-4a96-9a85-a6e23a8c635c,.NET 9.0,False,True,False,True,Default,Default,False,False,False,Default,Default,Default,Default,Default,Default,Default,Default,3,Default,1,Default,Default,Default,Default,Default,Default,16,3,65536,"1,163.825 ns",265.226 ns,14.5379 ns,0.0076,104 B
'MemoryStream ReadSpan',ShortRun,False,Default,Default,Default,Default,Default,Default,1111111111111111111111,Empty,RyuJit,Default,X64,8c5e7fda-e8bf-4a96-9a85-a6e23a8c635c,.NET 9.0,False,True,False,True,Default,Default,False,False,False,Default,Default,Default,Default,Default,Default,Default,Default,3,Default,1,Default,Default,Default,Default,Default,Default,16,3,65536,"1,190.245 ns",135.961 ns,7.4525 ns,0.0038,64 B
'Direct:Stream ReadSpan',ShortRun,False,Default,Default,Default,Default,Default,Default,1111111111111111111111,Empty,RyuJit,Default,X64,8c5e7fda-e8bf-4a96-9a85-a6e23a8c635c,.NET 9.0,False,True,False,True,Default,Default,False,False,False,Default,Default,Default,Default,Default,Default,Default,Default,3,Default,1,Default,Default,Default,Default,Default,Default,16,3,65536,"1,152.567 ns",307.460 ns,16.8529 ns,0.0038,64 B
'Derived:MemoryStream ReadSpan',ShortRun,False,Default,Default,Default,Default,Default,Default,1111111111111111111111,Empty,RyuJit,Default,X64,8c5e7fda-e8bf-4a96-9a85-a6e23a8c635c,.NET 9.0,False,True,False,True,Default,Default,False,False,False,Default,Default,Default,Default,Default,Default,Default,Default,3,Default,1,Default,Default,Default,Default,Default,Default,16,3,65536,"1,162.800 ns",267.271 ns,14.6500 ns,0.0076,104 B
